{"inputs":[["48d8ffef93f5e1439170b97948e833285d588181b64550b829a031e1724e6430","76f4ffef93f5e1439170b97948e833285d588181b64550b829a031e1724e6430","83eeffef93f5e1439170b97948e833285d588181b64550b829a031e1724e6430","dcd6ffef93f5e1439170b97948e833285d588181b64550b829a031e1724e6430","cadeffef93f5e1439170b97948e833285d588181b64550b829a031e1724e6430","8630000000000000000000000000000000000000000000000000000000000000","fadcffef93f5e1439170b97948e833285d588181b64550b829a031e1724e6430","981e000000000000000000000000000000000000000000000000000000000000","cdf9ffef93f5e1439170b97948e833285d588181b64550b829a031e1724e6430","65ecffef93f5e1439170b97948e833285d588181b64550b829a031e1724e6430","e5f7ffef93f5e1439170b97948e833285d588181b64550b829a031e1724e6430"]],"pretty_elements":{"rescaled_inputs":[["-1.2413330078125","-0.3607177734375","-0.546630859375","-1.2857666015625","-1.0379638671875","1.516357421875","-1.0946044921875","0.9560546875","-0.19384765625","-0.61279296875","-0.25341796875"]],"inputs":[["0x30644e72e131a029b85045b68181585d2833e84879b9709143e1f593efffd848","0x30644e72e131a029b85045b68181585d2833e84879b9709143e1f593effff476","0x30644e72e131a029b85045b68181585d2833e84879b9709143e1f593efffee83","0x30644e72e131a029b85045b68181585d2833e84879b9709143e1f593efffd6dc","0x30644e72e131a029b85045b68181585d2833e84879b9709143e1f593efffdeca","0x0000000000000000000000000000000000000000000000000000000000003086","0x30644e72e131a029b85045b68181585d2833e84879b9709143e1f593efffdcfa","0x0000000000000000000000000000000000000000000000000000000000001e98","0x30644e72e131a029b85045b68181585d2833e84879b9709143e1f593effff9cd","0x30644e72e131a029b85045b68181585d2833e84879b9709143e1f593efffec65","0x30644e72e131a029b85045b68181585d2833e84879b9709143e1f593effff7e5"]],"processed_inputs":[],"processed_params":[],"processed_outputs":[],"rescaled_outputs":[["-2.5369873046875"]],"outputs":[["0x30644e72e131a029b85045b68181585d2833e84879b9709143e1f593efffaed2"]]},"outputs":[["d2aeffef93f5e1439170b97948e833285d588181b64550b829a031e1724e6430"]],"processed_inputs":null,"processed_params":null,"processed_outputs":null,"max_lookup_inputs":0,"min_lookup_inputs":0,"max_range_size":16383,"version":"23.0.5"}