{"inputs":[["8704000000000000000000000000000000000000000000000000000000000000","30f6ffef93f5e1439170b97948e833285d588181b64550b829a031e1724e6430","5bdbffef93f5e1439170b97948e833285d588181b64550b829a031e1724e6430","2ce5ffef93f5e1439170b97948e833285d588181b64550b829a031e1724e6430","1e09000000000000000000000000000000000000000000000000000000000000","a110000000000000000000000000000000000000000000000000000000000000","3c1b000000000000000000000000000000000000000000000000000000000000","cae7ffef93f5e1439170b97948e833285d588181b64550b829a031e1724e6430","bb0f000000000000000000000000000000000000000000000000000000000000","b8fcffef93f5e1439170b97948e833285d588181b64550b829a031e1724e6430","d6f3ffef93f5e1439170b97948e833285d588181b64550b829a031e1724e6430"]],"pretty_elements":{"rescaled_inputs":[["0.1414794921875","-0.3067626953125","-1.145263671875","-0.8385009765625","0.284912109375","0.5196533203125","0.85107421875","-0.7567138671875","0.4915771484375","-0.1026611328125","-0.3802490234375"]],"inputs":[["0x0000000000000000000000000000000000000000000000000000000000000487","0x30644e72e131a029b85045b68181585d2833e84879b9709143e1f593effff630","0x30644e72e131a029b85045b68181585d2833e84879b9709143e1f593efffdb5b","0x30644e72e131a029b85045b68181585d2833e84879b9709143e1f593efffe52c","0x000000000000000000000000000000000000000000000000000000000000091e","0x00000000000000000000000000000000000000000000000000000000000010a1","0x0000000000000000000000000000000000000000000000000000000000001b3c","0x30644e72e131a029b85045b68181585d2833e84879b9709143e1f593efffe7ca","0x0000000000000000000000000000000000000000000000000000000000000fbb","0x30644e72e131a029b85045b68181585d2833e84879b9709143e1f593effffcb8","0x30644e72e131a029b85045b68181585d2833e84879b9709143e1f593effff3d6"]],"processed_inputs":[],"processed_params":[],"processed_outputs":[],"rescaled_outputs":[["-4.6397705078125"]],"outputs":[["0x30644e72e131a029b85045b68181585d2833e84879b9709143e1f593efff6b88"]]},"outputs":[["886bffef93f5e1439170b97948e833285d588181b64550b829a031e1724e6430"]],"processed_inputs":null,"processed_params":null,"processed_outputs":null,"max_lookup_inputs":0,"min_lookup_inputs":0,"max_range_size":16383,"version":"23.0.5"}