{"inputs":[["7b18000000000000000000000000000000000000000000000000000000000000","ede7ffef93f5e1439170b97948e833285d588181b64550b829a031e1724e6430","3208000000000000000000000000000000000000000000000000000000000000","bbfbffef93f5e1439170b97948e833285d588181b64550b829a031e1724e6430","dff8ffef93f5e1439170b97948e833285d588181b64550b829a031e1724e6430","7d2a000000000000000000000000000000000000000000000000000000000000","d6fdffef93f5e1439170b97948e833285d588181b64550b829a031e1724e6430","c7d1ffef93f5e1439170b97948e833285d588181b64550b829a031e1724e6430","8118000000000000000000000000000000000000000000000000000000000000","b8fcffef93f5e1439170b97948e833285d588181b64550b829a031e1724e6430","0dfcffef93f5e1439170b97948e833285d588181b64550b829a031e1724e6430"]],"pretty_elements":{"rescaled_inputs":[["0.7650146484375","-0.75244140625","0.256103515625","-0.133544921875","-0.222900390625","1.3277587890625","-0.0677490234375","-1.444580078125","0.7657470703125","-0.1026611328125","-0.12353515625"]],"inputs":[["0x000000000000000000000000000000000000000000000000000000000000187b","0x30644e72e131a029b85045b68181585d2833e84879b9709143e1f593efffe7ed","0x0000000000000000000000000000000000000000000000000000000000000832","0x30644e72e131a029b85045b68181585d2833e84879b9709143e1f593effffbbb","0x30644e72e131a029b85045b68181585d2833e84879b9709143e1f593effff8df","0x0000000000000000000000000000000000000000000000000000000000002a7d","0x30644e72e131a029b85045b68181585d2833e84879b9709143e1f593effffdd6","0x30644e72e131a029b85045b68181585d2833e84879b9709143e1f593efffd1c7","0x0000000000000000000000000000000000000000000000000000000000001881","0x30644e72e131a029b85045b68181585d2833e84879b9709143e1f593effffcb8","0x30644e72e131a029b85045b68181585d2833e84879b9709143e1f593effffc0d"]],"processed_inputs":[],"processed_params":[],"processed_outputs":[],"rescaled_outputs":[["-6.0164794921875"]],"outputs":[["0x30644e72e131a029b85045b68181585d2833e84879b9709143e1f593efff3f7a"]]},"outputs":[["7a3fffef93f5e1439170b97948e833285d588181b64550b829a031e1724e6430"]],"processed_inputs":null,"processed_params":null,"processed_outputs":null,"max_lookup_inputs":0,"min_lookup_inputs":0,"max_range_size":16383,"version":"23.0.5"}