{"inputs":[["5730000000000000000000000000000000000000000000000000000000000000","72e1ffef93f5e1439170b97948e833285d588181b64550b829a031e1724e6430","2420000000000000000000000000000000000000000000000000000000000000","54daffef93f5e1439170b97948e833285d588181b64550b829a031e1724e6430","4308000000000000000000000000000000000000000000000000000000000000","f014000000000000000000000000000000000000000000000000000000000000","ce0a000000000000000000000000000000000000000000000000000000000000","3eebffef93f5e1439170b97948e833285d588181b64550b829a031e1724e6430","1817000000000000000000000000000000000000000000000000000000000000","b8fcffef93f5e1439170b97948e833285d588181b64550b829a031e1724e6430","9802000000000000000000000000000000000000000000000000000000000000"]],"pretty_elements":{"rescaled_inputs":[["1.5106201171875","-0.9549560546875","1.00439453125","-1.1773681640625","0.2581787109375","0.654296875","0.337646484375","-0.6488037109375","0.7216796875","-0.1026611328125","0.0810546875"]],"inputs":[["0x0000000000000000000000000000000000000000000000000000000000003057","0x30644e72e131a029b85045b68181585d2833e84879b9709143e1f593efffe172","0x0000000000000000000000000000000000000000000000000000000000002024","0x30644e72e131a029b85045b68181585d2833e84879b9709143e1f593efffda54","0x0000000000000000000000000000000000000000000000000000000000000843","0x00000000000000000000000000000000000000000000000000000000000014f0","0x0000000000000000000000000000000000000000000000000000000000000ace","0x30644e72e131a029b85045b68181585d2833e84879b9709143e1f593efffeb3e","0x0000000000000000000000000000000000000000000000000000000000001718","0x30644e72e131a029b85045b68181585d2833e84879b9709143e1f593effffcb8","0x0000000000000000000000000000000000000000000000000000000000000298"]],"processed_inputs":[],"processed_params":[],"processed_outputs":[],"rescaled_outputs":[["-5.4930419921875"]],"outputs":[["0x30644e72e131a029b85045b68181585d2833e84879b9709143e1f593efff503a"]]},"outputs":[["3a50ffef93f5e1439170b97948e833285d588181b64550b829a031e1724e6430"]],"processed_inputs":null,"processed_params":null,"processed_outputs":null,"max_lookup_inputs":0,"min_lookup_inputs":0,"max_range_size":16383,"version":"23.0.5"}