{"inputs":[["560c000000000000000000000000000000000000000000000000000000000000","582b000000000000000000000000000000000000000000000000000000000000","e710000000000000000000000000000000000000000000000000000000000000","94cbffef93f5e1439170b97948e833285d588181b64550b829a031e1724e6430","69c9ffef93f5e1439170b97948e833285d588181b64550b829a031e1724e6430","03d6ffef93f5e1439170b97948e833285d588181b64550b829a031e1724e6430","0603000000000000000000000000000000000000000000000000000000000000","a9d5ffef93f5e1439170b97948e833285d588181b64550b829a031e1724e6430","eb26000000000000000000000000000000000000000000000000000000000000","b8fcffef93f5e1439170b97948e833285d588181b64550b829a031e1724e6430","6d05000000000000000000000000000000000000000000000000000000000000"]],"pretty_elements":{"rescaled_inputs":[["0.385498046875","1.3544921875","0.5281982421875","-1.6383056640625","-1.7060546875","-1.312255859375","0.094482421875","-1.3232421875","1.2161865234375","-0.1026611328125","0.1695556640625"]],"inputs":[["0x0000000000000000000000000000000000000000000000000000000000000c56","0x0000000000000000000000000000000000000000000000000000000000002b58","0x00000000000000000000000000000000000000000000000000000000000010e7","0x30644e72e131a029b85045b68181585d2833e84879b9709143e1f593efffcb94","0x30644e72e131a029b85045b68181585d2833e84879b9709143e1f593efffc969","0x30644e72e131a029b85045b68181585d2833e84879b9709143e1f593efffd603","0x0000000000000000000000000000000000000000000000000000000000000306","0x30644e72e131a029b85045b68181585d2833e84879b9709143e1f593efffd5a9","0x00000000000000000000000000000000000000000000000000000000000026eb","0x30644e72e131a029b85045b68181585d2833e84879b9709143e1f593effffcb8","0x000000000000000000000000000000000000000000000000000000000000056d"]],"processed_inputs":[],"processed_params":[],"processed_outputs":[],"rescaled_outputs":[["-1.82080078125"]],"outputs":[["0x30644e72e131a029b85045b68181585d2833e84879b9709143e1f593efffc5bd"]]},"outputs":[["bdc5ffef93f5e1439170b97948e833285d588181b64550b829a031e1724e6430"]],"processed_inputs":null,"processed_params":null,"processed_outputs":null,"max_lookup_inputs":0,"min_lookup_inputs":0,"max_range_size":16383,"version":"23.0.5"}