{"inputs":[["4ce5ffef93f5e1439170b97948e833285d588181b64550b829a031e1724e6430","f6daffef93f5e1439170b97948e833285d588181b64550b829a031e1724e6430","c611000000000000000000000000000000000000000000000000000000000000","b0d4ffef93f5e1439170b97948e833285d588181b64550b829a031e1724e6430","a123000000000000000000000000000000000000000000000000000000000000","4435000000000000000000000000000000000000000000000000000000000000","db20000000000000000000000000000000000000000000000000000000000000","3424000000000000000000000000000000000000000000000000000000000000","1dfaffef93f5e1439170b97948e833285d588181b64550b829a031e1724e6430","b8fcffef93f5e1439170b97948e833285d588181b64550b829a031e1724e6430","a309000000000000000000000000000000000000000000000000000000000000"]],"pretty_elements":{"rescaled_inputs":[["-0.8345947265625","-1.1575927734375","0.555419921875","-1.3536376953125","1.1134033203125","1.66455078125","1.0267333984375","1.13134765625","-0.18408203125","-0.1026611328125","0.3011474609375"]],"inputs":[["0x30644e72e131a029b85045b68181585d2833e84879b9709143e1f593efffe54c","0x30644e72e131a029b85045b68181585d2833e84879b9709143e1f593efffdaf6","0x00000000000000000000000000000000000000000000000000000000000011c6","0x30644e72e131a029b85045b68181585d2833e84879b9709143e1f593efffd4b0","0x00000000000000000000000000000000000000000000000000000000000023a1","0x0000000000000000000000000000000000000000000000000000000000003544","0x00000000000000000000000000000000000000000000000000000000000020db","0x0000000000000000000000000000000000000000000000000000000000002434","0x30644e72e131a029b85045b68181585d2833e84879b9709143e1f593effffa1d","0x30644e72e131a029b85045b68181585d2833e84879b9709143e1f593effffcb8","0x00000000000000000000000000000000000000000000000000000000000009a3"]],"processed_inputs":[],"processed_params":[],"processed_outputs":[],"rescaled_outputs":[["-4.13671875"]],"outputs":[["0x30644e72e131a029b85045b68181585d2833e84879b9709143e1f593efff7ba1"]]},"outputs":[["a17bffef93f5e1439170b97948e833285d588181b64550b829a031e1724e6430"]],"processed_inputs":null,"processed_params":null,"processed_outputs":null,"max_lookup_inputs":0,"min_lookup_inputs":0,"max_range_size":16383,"version":"23.0.5"}