{"inputs":[["0ad0ffef93f5e1439170b97948e833285d588181b64550b829a031e1724e6430","26e0ffef93f5e1439170b97948e833285d588181b64550b829a031e1724e6430","9c19000000000000000000000000000000000000000000000000000000000000","8f1d000000000000000000000000000000000000000000000000000000000000","121e000000000000000000000000000000000000000000000000000000000000","3713000000000000000000000000000000000000000000000000000000000000","0c06000000000000000000000000000000000000000000000000000000000000","780c000000000000000000000000000000000000000000000000000000000000","de1f000000000000000000000000000000000000000000000000000000000000","65ecffef93f5e1439170b97948e833285d588181b64550b829a031e1724e6430","0917000000000000000000000000000000000000000000000000000000000000"]],"pretty_elements":{"rescaled_inputs":[["-1.4989013671875","-0.9954833984375","0.80029296875","0.9237060546875","0.939697265625","0.6004638671875","0.18896484375","0.3896484375","0.995849609375","-0.61279296875","0.7198486328125"]],"inputs":[["0x30644e72e131a029b85045b68181585d2833e84879b9709143e1f593efffd00a","0x30644e72e131a029b85045b68181585d2833e84879b9709143e1f593efffe026","0x000000000000000000000000000000000000000000000000000000000000199c","0x0000000000000000000000000000000000000000000000000000000000001d8f","0x0000000000000000000000000000000000000000000000000000000000001e12","0x0000000000000000000000000000000000000000000000000000000000001337","0x000000000000000000000000000000000000000000000000000000000000060c","0x0000000000000000000000000000000000000000000000000000000000000c78","0x0000000000000000000000000000000000000000000000000000000000001fde","0x30644e72e131a029b85045b68181585d2833e84879b9709143e1f593efffec65","0x0000000000000000000000000000000000000000000000000000000000001709"]],"processed_inputs":[],"processed_params":[],"processed_outputs":[],"rescaled_outputs":[["-3.688232421875"]],"outputs":[["0x30644e72e131a029b85045b68181585d2833e84879b9709143e1f593efff89fb"]]},"outputs":[["fb89ffef93f5e1439170b97948e833285d588181b64550b829a031e1724e6430"]],"processed_inputs":null,"processed_params":null,"processed_outputs":null,"max_lookup_inputs":0,"min_lookup_inputs":0,"max_range_size":16383,"version":"23.0.5"}