{"inputs":[["d812000000000000000000000000000000000000000000000000000000000000","acfcffef93f5e1439170b97948e833285d588181b64550b829a031e1724e6430","29eaffef93f5e1439170b97948e833285d588181b64550b829a031e1724e6430","c9d0ffef93f5e1439170b97948e833285d588181b64550b829a031e1724e6430","49ffffef93f5e1439170b97948e833285d588181b64550b829a031e1724e6430","abe4ffef93f5e1439170b97948e833285d588181b64550b829a031e1724e6430","a0d5ffef93f5e1439170b97948e833285d588181b64550b829a031e1724e6430","2205000000000000000000000000000000000000000000000000000000000000","ba35000000000000000000000000000000000000000000000000000000000000","b8fcffef93f5e1439170b97948e833285d588181b64550b829a031e1724e6430","22fdffef93f5e1439170b97948e833285d588181b64550b829a031e1724e6430"]],"pretty_elements":{"rescaled_inputs":[["0.5888671875","-0.1041259765625","-0.6826171875","-1.4755859375","-0.0224609375","-0.854248046875","-1.3243408203125","0.160400390625","1.678955078125","-0.1026611328125","-0.0897216796875"]],"inputs":[["0x00000000000000000000000000000000000000000000000000000000000012d8","0x30644e72e131a029b85045b68181585d2833e84879b9709143e1f593effffcac","0x30644e72e131a029b85045b68181585d2833e84879b9709143e1f593efffea29","0x30644e72e131a029b85045b68181585d2833e84879b9709143e1f593efffd0c9","0x30644e72e131a029b85045b68181585d2833e84879b9709143e1f593efffff49","0x30644e72e131a029b85045b68181585d2833e84879b9709143e1f593efffe4ab","0x30644e72e131a029b85045b68181585d2833e84879b9709143e1f593efffd5a0","0x0000000000000000000000000000000000000000000000000000000000000522","0x00000000000000000000000000000000000000000000000000000000000035ba","0x30644e72e131a029b85045b68181585d2833e84879b9709143e1f593effffcb8","0x30644e72e131a029b85045b68181585d2833e84879b9709143e1f593effffd22"]],"processed_inputs":[],"processed_params":[],"processed_outputs":[],"rescaled_outputs":[["-0.97900390625"]],"outputs":[["0x30644e72e131a029b85045b68181585d2833e84879b9709143e1f593efffe0ad"]]},"outputs":[["ade0ffef93f5e1439170b97948e833285d588181b64550b829a031e1724e6430"]],"processed_inputs":null,"processed_params":null,"processed_outputs":null,"max_lookup_inputs":0,"min_lookup_inputs":0,"max_range_size":16383,"version":"23.0.5"}