{"inputs":[["e82f000000000000000000000000000000000000000000000000000000000000","76f4ffef93f5e1439170b97948e833285d588181b64550b829a031e1724e6430","eaf5ffef93f5e1439170b97948e833285d588181b64550b829a031e1724e6430","5bf4ffef93f5e1439170b97948e833285d588181b64550b829a031e1724e6430","4505000000000000000000000000000000000000000000000000000000000000","fae8ffef93f5e1439170b97948e833285d588181b64550b829a031e1724e6430","22ffffef93f5e1439170b97948e833285d588181b64550b829a031e1724e6430","2a1e000000000000000000000000000000000000000000000000000000000000","3e0e000000000000000000000000000000000000000000000000000000000000","b8fcffef93f5e1439170b97948e833285d588181b64550b829a031e1724e6430","2411000000000000000000000000000000000000000000000000000000000000"]],"pretty_elements":{"rescaled_inputs":[["1.4970703125","-0.3607177734375","-0.3153076171875","-0.364013671875","0.1646728515625","-0.7196044921875","-0.0272216796875","0.942626953125","0.445068359375","-0.1026611328125","0.53564453125"]],"inputs":[["0x0000000000000000000000000000000000000000000000000000000000002fe8","0x30644e72e131a029b85045b68181585d2833e84879b9709143e1f593effff476","0x30644e72e131a029b85045b68181585d2833e84879b9709143e1f593effff5ea","0x30644e72e131a029b85045b68181585d2833e84879b9709143e1f593effff45b","0x0000000000000000000000000000000000000000000000000000000000000545","0x30644e72e131a029b85045b68181585d2833e84879b9709143e1f593efffe8fa","0x30644e72e131a029b85045b68181585d2833e84879b9709143e1f593efffff22","0x0000000000000000000000000000000000000000000000000000000000001e2a","0x0000000000000000000000000000000000000000000000000000000000000e3e","0x30644e72e131a029b85045b68181585d2833e84879b9709143e1f593effffcb8","0x0000000000000000000000000000000000000000000000000000000000001124"]],"processed_inputs":[],"processed_params":[],"processed_outputs":[],"rescaled_outputs":[["-4.47900390625"]],"outputs":[["0x30644e72e131a029b85045b68181585d2833e84879b9709143e1f593efff70ad"]]},"outputs":[["ad70ffef93f5e1439170b97948e833285d588181b64550b829a031e1724e6430"]],"processed_inputs":null,"processed_params":null,"processed_outputs":null,"max_lookup_inputs":0,"min_lookup_inputs":0,"max_range_size":16383,"version":"23.0.5"}