{"inputs":[["e6e7ffef93f5e1439170b97948e833285d588181b64550b829a031e1724e6430","c028000000000000000000000000000000000000000000000000000000000000","5f0a000000000000000000000000000000000000000000000000000000000000","be2c000000000000000000000000000000000000000000000000000000000000","9635000000000000000000000000000000000000000000000000000000000000","da05000000000000000000000000000000000000000000000000000000000000","b4eeffef93f5e1439170b97948e833285d588181b64550b829a031e1724e6430","b830000000000000000000000000000000000000000000000000000000000000","3e1f000000000000000000000000000000000000000000000000000000000000","b8fcffef93f5e1439170b97948e833285d588181b64550b829a031e1724e6430","1708000000000000000000000000000000000000000000000000000000000000"]],"pretty_elements":{"rescaled_inputs":[["-0.7532958984375","1.2734375","0.3240966796875","1.398193359375","1.674560546875","0.182861328125","-0.5406494140625","1.5224609375","0.976318359375","-0.1026611328125","0.2528076171875"]],"inputs":[["0x30644e72e131a029b85045b68181585d2833e84879b9709143e1f593efffe7e6","0x00000000000000000000000000000000000000000000000000000000000028c0","0x0000000000000000000000000000000000000000000000000000000000000a5f","0x0000000000000000000000000000000000000000000000000000000000002cbe","0x0000000000000000000000000000000000000000000000000000000000003596","0x00000000000000000000000000000000000000000000000000000000000005da","0x30644e72e131a029b85045b68181585d2833e84879b9709143e1f593efffeeb4","0x00000000000000000000000000000000000000000000000000000000000030b8","0x0000000000000000000000000000000000000000000000000000000000001f3e","0x30644e72e131a029b85045b68181585d2833e84879b9709143e1f593effffcb8","0x0000000000000000000000000000000000000000000000000000000000000817"]],"processed_inputs":[],"processed_params":[],"processed_outputs":[],"rescaled_outputs":[["-3.3253173828125"]],"outputs":[["0x30644e72e131a029b85045b68181585d2833e84879b9709143e1f593efff9598"]]},"outputs":[["9895ffef93f5e1439170b97948e833285d588181b64550b829a031e1724e6430"]],"processed_inputs":null,"processed_params":null,"processed_outputs":null,"max_lookup_inputs":0,"min_lookup_inputs":0,"max_range_size":16383,"version":"23.0.5"}